<?xml version="1.0" encoding="UTF-8" standalone="yes"?>

<addon id="plugin.video.CasMart"
       name="[COLOR blue]CAS [COLOR lime]MART[/COLOR]"
       version="1.1"
       provider-name="CASMART">
  <requires>
    <import addon="xbmc.python" version="2.1.0"/>
    <import addon="script.module.beautifulsoup" version="3.2.1"/>
    <import addon="script.module.simple.downloader" version="0.9.4"/>
    <import addon="script.module.beautifulsoup4" />
    <import addon="script.module.requests" />
    <import addon="script.module.httplib2" />
    <import addon="script.module.youtube.dl" optional="true"/>
    <import addon="plugin.video.youtube" optional="true" />
    <import addon="script.module.urlresolver" optional="true"/>
    <import addon="script.module.simplejson" /> 
    <import addon="script.common.plugin.cache" version="2.5.2"/>
    <import addon="script.module.metahandler" version="2.5.1"/>
    <import addon="script.module.livestreamer" optional="true"/>
     
  </requires>
  <extension point="xbmc.python.pluginsource" library="default.py">
    <provides>video</provides>
  </extension>
  <extension point="xbmc.addon.metadata">
    <summary lang="en">CasMart addon</summary>
    <description lang="en">addon by CasMart</description>
    <platform>all</platform>
  </extension>
</addon>
